"Alue","1993 Valtionveronalaiset tulot € / henkilö","1994 Valtionveronalaiset tulot € / henkilö","1995 Valtionveronalaiset tulot € / henkilö","1996 Valtionveronalaiset tulot € / henkilö","1997 Valtionveronalaiset tulot € / henkilö","1998 Valtionveronalaiset tulot € / henkilö","1999 Valtionveronalaiset tulot € / henkilö","2000 Valtionveronalaiset tulot € / henkilö","2001 Valtionveronalaiset tulot € / henkilö","2002 Valtionveronalaiset tulot € / henkilö","2003 Valtionveronalaiset tulot € / henkilö","2004 Valtionveronalaiset tulot € / henkilö","2005 Valtionveronalaiset tulot € / henkilö","2006 Valtionveronalaiset tulot € / henkilö","2007 Valtionveronalaiset tulot € / henkilö","2008 Valtionveronalaiset tulot € / henkilö","2009 Valtionveronalaiset tulot € / henkilö","2010 Valtionveronalaiset tulot € / henkilö","2011 Valtionveronalaiset tulot € / henkilö","2012 Valtionveronalaiset tulot € / henkilö","2013 Valtionveronalaiset tulot € / henkilö","2014 Valtionveronalaiset tulot € / henkilö","2015 Valtionveronalaiset tulot € / henkilö","2016 Valtionveronalaiset tulot € / henkilö","2017 Valtionveronalaiset tulot € / henkilö"
"091 Helsinki",14424,14507,15026,15563,16475,17690,19601,21529,21284,21748,22426,23777,22782,24190,25838,25882,27891,26790,27512,27897,28886,29197,29898,30030,30972
"091 1 Eteläinen suurpiiri",17840,18121,18792,19710,21589,24012,27877,32539,31389,31377,32835,36223,32373,34437,37560,36440,37155,37214,38255,38203,41141,41106,43002,42709,44873
"091 101 Vironniemen peruspiiri",17815,18162,18900,19745,22448,24712,29961,35043,31173,33032,32207,34687,31301,36410,39023,37168,38325,37703,39074,39446,40688,43306,48872,46615,47560
"091 10 Kruununhaka",18140,18565,19057,19997,22559,24689,29522,35251,31655,33851,32580,35118,30854,37407,38538,36784,37730,37081,37944,38798,39770,42052,49045,43005,44080
"091 20 Kluuvi",18888,17948,20687,19298,21942,21744,31807,30197,28675,32767,31811,32587,35453,38245,40816,38110,43743,40950,42679,41599,50242,56643,63849,81033,83753
"091 80 Katajanokka",17211,17562,18473,19387,22321,25074,30492,35214,30644,31724,31642,34185,31629,34647,39617,37691,38755,38379,40500,40228,40971,43474,46446,47668,48159
"091 102 Ullanlinnan peruspiiri",19124,19688,20760,21947,24128,27812,32993,41940,40024,39117,42972,49167,41039,41637,46068,44261,42370,44137,44864,43926,46112,50023,51355,47929,52916
"091 30 Kaartinkaupunki",23188,21362,25432,24113,28787,35781,38211,55524,47682,54139,67178,76973,49713,58842,80591,65255,55221,53656,60024,58367,64749,73061,71703,65586,78943
"091 50 Punavuori",15917,16113,16607,17863,18651,21149,22964,26430,26880,27677,28656,31678,29545,32949,33836,32643,34748,33388,34928,35650,36597,37479,38704,38590,40752
"091 60 Eira",26374,25981,33680,32504,36393,39375,56485,82244,63960,60670,65122,87690,49465,59554,89090,89752,54559,67610,65048,59642,59779,64193,71760,72195,87247
"091 70 Ullanlinna",19647,20859,21510,23050,25439,29612,35753,45934,42486,43070,46880,53968,47252,43961,46170,45884,45227,45790,47597,46040,48583,51655,51463,48787,53214
"091 90 Kaivopuisto",53355,50810,51720,55525,73948,86377,114830,164579,207690,139716,182385,211732,138805,142344,188398,101593,88330,136964,101571,88551,87963,145567,174850,111916,120998
"091 204 Hernesaari",16221,16677,17236,17965,18425,21842,22569,25987,23199,24045,25280,24368,25635,26129,28434,51378,46932,58864,54064,54467,62941,75754,72800,60090,76028
"091 520 Suomenlinna",12472,12776,13085,13221,13294,14252,15353,15876,16402,16879,17238,17998,18197,19098,20527,21771,23322,23869,24669,24456,26093,26592,26430,27867,27270
"091 531 Länsisaaret",..,..,..,..,..,..,..,..,..,..,..,..,..,..,..,..,..,..,..,..,..,..,..,..,..
"091 103 Kampinmalmin peruspiiri",17176,17392,17473,18340,20050,22014,24625,27558,27119,27465,28561,31611,29176,30901,34097,32778,34877,34237,35422,35467,42065,37080,39218,40879,43172
"091 40 Kamppi",16978,17016,17705,18663,20279,21951,24647,27301,26972,27762,29186,35248,28571,32093,34169,33217,35545,34483,36403,36070,38628,38844,42147,46729,48654
"091 130 Etu-Töölö",18274,19268,19176,20197,22392,24429,28316,31952,30423,30883,32027,33623,33520,33982,38572,36188,37856,37670,38602,39403,40776,41243,43042,43422,47696
"091 201 Ruoholahti",11202,10938,12415,12850,13529,16474,15926,17691,19601,18068,17953,18972,18941,20317,21757,22337,24832,23788,24074,24247,25053,25611,26076,26994,27350
"091 202 Lapinlahti",..,..,..,..,..,..,..,..,..,..,..,..,..,..,..,..,..,..,..,..,..,..,..,..,..
"091 203 Jätkäsaari",10191,11458,12852,14949,15872,17793,18092,19886,20916,21423,22870,22559,22969,23631,26118,25751,28166,27384,27203,26757,66654,29699,31293,31702,34115
"091 104 Taka-Töölön peruspiiri",16751,16905,17819,18620,20022,21731,25177,28085,27429,27905,28867,30802,29122,31326,32999,33698,35724,34107,35291,36222,36416,38009,38132,38574,39513
"091 140 Taka-Töölö",16751,16905,17819,18620,20022,21731,25177,28085,27429,27905,28867,30802,29122,31326,32999,33698,35724,34107,35291,36222,36416,38009,38132,38574,39513
"091 105 Lauttasaaren peruspiiri",17997,18122,19023,19925,21574,23866,27623,31041,31071,29986,30800,33023,30110,32520,35562,34515,34988,35687,36526,36467,37796,38560,39904,40681,41493
"091 310 Lauttasaari (Ent.)",17997,18122,19023,19925,21574,23866,27623,31041,31071,29986,30800,33023,30110,32520,35562,34515,34988,35687,.,.,.,.,.,.,.
"091 311 Kotkavuori",.,.,.,.,.,.,.,.,.,.,.,.,.,.,.,.,.,.,32356,33042,33886,34155,34894,35250,36969
"091 312 Vattuniemi",.,.,.,.,.,.,.,.,.,.,.,.,.,.,.,.,.,.,39686,41072,42674,43351,45434,46967,46224
"091 313 Myllykallio",.,.,.,.,.,.,.,.,.,.,.,.,.,.,.,.,.,.,38313,35738,37198,38474,39497,39743,41299
"091 314 Koivusaari",.,.,.,.,.,.,.,.,.,.,.,.,.,.,.,.,.,.,..,..,..,0,..,..,..
"091 2 Läntinen suurpiiri",14717,14849,15342,15999,16934,18214,19958,21538,21276,22099,22561,23698,22798,24359,25581,25606,27883,26507,27213,27650,27932,28641,29105,29530,29971
"091 201 Reijolan peruspiiri",14783,14541,15175,15774,16405,16938,19383,20247,20693,21652,21779,23047,22708,24154,25505,25894,28738,26706,28311,28082,28450,29283,29556,29574,30495
"091 150 Meilahti",15667,15645,16472,16907,17344,17334,19876,21441,21687,23496,22983,23654,23424,25112,26621,26685,29622,27200,34335,32292,32621,34643,34333,34023,35852
"091 160 Ruskeasuo (Ent.)",13467,13201,13771,14580,15226,16025,17416,18540,18965,19311,19966,21159,21663,22909,24048,24738,27242,25623,.,.,.,.,.,.,.
"091 161 Vanha Ruskeasuo",.,.,.,.,.,.,.,.,.,.,.,.,.,.,.,.,.,.,28175,28949,29515,29716,30402,29811,31646
"091 162 Pikku Huopalahti",.,.,.,.,.,.,.,.,.,.,.,.,.,.,.,.,.,.,24074,24463,24764,24867,25083,25570,25740
"091 180 Laakso",15852,15896,16645,17007,17871,18846,24754,22105,23314,23231,23825,27622,23872,25204,26797,27257,30997,28828,28961,29647,29935,31192,32569,32398,32401
"091 202 Munkkiniemen peruspiiri",19233,19667,20178,21297,23603,27445,30248,34161,31710,33319,34484,36938,31559,35535,37481,34815,36020,36151,37294,37690,37728,40269,41977,44541,44679
"091 301 Vanha Munkkiniemi",19227,20081,21063,22200,24008,29850,32739,37578,32605,35319,36144,37669,32412,34782,38502,35700,37279,37128,39684,38456,40279,42926,43841,43635,47306
"091 302 Kuusisaari",32892,41324,37510,43752,51652,73718,86615,118655,113719,112538,115096,154734,97923,151525,139257,104180,77281,91150,83277,116156,80416,112495,138110,90588,108342
"091 303 Lehtisaari",37107,33010,31917,33907,38136,44242,48661,51435,53509,54699,58693,62952,46084,52822,52610,44336,51709,51265,51635,49809,54352,53364,57686,121569,81671
"091 304 Munkkivuori",15379,15745,16169,16918,18824,18597,21679,23714,23198,23876,24593,25876,24775,25986,26950,27858,29749,29578,29505,30058,30186,30769,31036,31218,32099
"091 305 Niemenmäki",17598,17925,18608,19340,21101,22210,26160,25074,25159,25137,25799,26334,26064,27675,29233,29516,31661,31018,31573,31488,32219,33032,33941,34457,34437
"091 306 Talinranta",.,.,.,.,.,.,14283,14759,15439,16154,16931,17309,17281,17563,18904,19930,23706,20825,21401,21305,21848,22243,23483,22887,23041
"091 203 Haagan peruspiiri",14733,14856,15267,15790,16697,17537,18824,20211,20210,20772,21203,22012,22060,23046,24062,24517,27319,25374,25898,26444,26670,26948,27284,27442,27678
"091 291 Etelä-Haaga",15531,15774,16275,16839,18024,18965,20158,21830,21844,22474,22934,23692,23663,24866,26031,26651,29423,27289,28529,29031,28897,29373,29656,30041,30123
"091 292 Kivihaka",15823,16678,16821,17115,17774,18556,19997,22191,21543,22329,22898,24190,23676,25742,26650,27223,29861,28558,28546,27841,28342,28796,28638,29373,30244
"091 293 Pohjois-Haaga",13796,13817,14114,14507,15052,15798,17135,18229,18186,18521,18959,19653,19842,20475,21353,21752,24811,23004,23025,23710,24007,24134,24545,24269,24697
"091 294 Lassila",14238,14076,14527,15270,16128,16892,18304,19290,19526,20317,20513,21621,21706,22611,23470,23558,25919,24274,24660,25316,26171,26266,26536,26753,26855
"091 204 Pitäjänmäen peruspiiri",14009,14448,14905,15480,15650,16466,17751,19008,19385,19740,20509,21144,21434,22248,23649,24216,26118,24915,25122,25930,26305,26212,26506,26515,26849
"091 320 Konala",14081,14333,15023,15701,16560,17416,19803,21013,20630,20806,21413,22219,22716,23163,24496,25010,26470,25940,26005,26449,26769,27007,27414,27236,27692
"091 461 Pajamäki",14223,14461,14726,15401,16040,16850,18578,19581,19870,20432,20857,21879,21967,23332,25006,25112,27262,25683,25905,26293,26962,26962,26754,27217,27885
"091 462 Tali",..,..,..,..,..,11133,12406,13917,14298,14711,15264,15762,15994,17167,18071,19438,21695,19357,19818,20884,20556,20045,20170,20854,21208
"091 463 Reimarla",13707,14347,14591,15065,15692,17570,17895,19124,19897,20087,21217,21507,21146,21815,22545,23485,25109,23674,23571,24438,24532,24351,24412,24284,24310
"091 464 Marttila",15881,16960,17583,18567,18718,20640,20284,21346,21589,22456,23371,24521,26056,27132,36942,28195,30602,30928,31799,33111,34032,34415,33096,34522,34157
"091 465 Pitäjänmäen yritysalue",14522,15315,16755,15540,11574,12559,14434,16221,17792,18453,19151,19618,20767,21943,23622,24901,27752,26223,26664,28014,28769,28322,29246,29028,29377
"091 205 Kaarelan peruspiiri",12126,12086,12576,13120,13709,14444,15847,16702,16889,17650,17751,18498,18626,19676,20545,21388,23683,22120,22523,23129,23494,23914,23984,23921,24495
"091 331 Kannelmäki",12444,12200,12761,13204,13729,14328,15245,16102,16373,16698,17136,17516,17750,18673,19499,20108,23000,21091,21140,21676,21974,22091,22199,22135,22541
"091 332 Maununneva",15642,15972,16811,17624,18558,19633,25738,26610,22720,26407,23473,26399,24857,26227,27831,29283,29502,29739,30579,31906,33547,34441,33688,34086,36277
"091 333 Malminkartano",10560,10529,10904,11349,11867,12602,13526,14236,14896,15274,15511,16101,16323,16917,17910,18798,21367,19331,19813,20312,20544,21029,21133,21162,21404
"091 334 Hakuninmaa",12989,13590,13939,14983,15725,16758,18164,19378,20506,21196,22015,22790,23702,26264,26504,27930,28290,28079,29699,30397,30151,31050,31774,31353,31355
"091 335 Kuninkaantammi",.,.,.,.,.,.,.,.,.,.,.,.,.,.,..,..,..,..,..,..,..,..,..,23314,27212
"091 336 Honkasuo",.,.,.,.,.,.,.,.,.,.,.,.,.,.,.,.,.,.,..,..,..,..,..,..,23300
"091 3 Keskinen suurpiiri",13424,13412,13834,14235,14751,15635,16849,18144,18618,19138,19490,20112,20194,21119,22264,23111,26859,24370,25111,25763,26824,26885,27523,27922,29040
"091 301 Kallion peruspiiri",14356,14288,14722,15143,15795,16780,18232,19624,20127,20705,21173,21947,21821,22918,24318,25007,28861,26288,26689,27296,28012,28545,29174,30086,31646
"091 100 Sörnäinen (Ent.)",14904,14883,15295,15637,16212,16914,18613,20311,20467,21001,21474,22952,22439,23729,25618,25354,29009,26823,.,.,.,.,.,.,.
"091 101 Vilhonvuori",.,.,.,.,.,.,.,.,.,.,.,.,.,.,.,.,.,.,27571,27967,28734,28931,29081,29383,30519
"091 102 Kalasatama",.,.,.,.,.,.,.,.,.,.,.,.,.,.,.,.,.,.,..,21052,27021,28574,31730,32586,36204
"091 103 Sompasaari",.,.,.,.,.,.,.,.,.,.,.,.,.,.,.,.,.,.,..,..,..,..,..,..,..
"091 104 Hanasaari",.,.,.,.,.,.,.,.,.,.,.,.,.,.,.,.,.,.,..,..,..,..,..,..,..
"091 111 Siltasaari",15396,15360,16294,16517,17260,18257,21691,22823,23181,23575,24604,25361,25725,26629,27821,28636,32539,31398,31385,32273,32838,35060,34563,34870,36345
"091 112 Linjat",14188,14030,14339,14717,15477,16527,17571,18839,19548,20096,20424,21013,21018,21820,23226,24485,28227,25149,25826,26687,27152,27606,28020,28920,29927
"091 113 Torkkelinmäki",13811,13785,14216,14733,15279,16389,17599,18900,19520,20219,20670,20952,20879,22240,23184,24112,28336,25555,25371,26282,26952,27159,28186,29875,31788
"091 302 Alppiharjun peruspiiri",13441,13335,13924,14388,14880,15803,17038,18476,18974,19562,19809,20305,20534,21553,22317,23157,27298,24153,24775,25578,28845,26550,26747,27180,28323
"091 121 Harju",13391,13206,13736,14259,14754,15720,17036,18552,19100,19419,19669,20149,20280,21180,22089,22822,27135,23649,24351,25130,30334,26194,26349,26708,28018
"091 122 Alppila",13527,13561,14248,14611,15098,15951,17042,18343,18757,19806,20046,20571,20969,22193,22704,23740,27577,25018,25497,26329,26332,27161,27413,27960,28827
"091 303 Vallilan peruspiiri",12759,12725,12762,13160,13613,14506,15494,16752,17120,17699,17834,18536,18609,19722,21037,21976,25914,23271,24357,25362,26021,26489,26928,27837,28839
"091 210 Hermanni (Ent.)",13096,13287,12940,13181,13622,14474,15396,16240,16829,17199,17804,18232,18738,19611,21314,22334,25673,23902,.,.,.,.,.,.,.
"091 211 Hermanninmäki",.,.,.,.,.,.,.,.,.,.,.,.,.,.,.,.,.,.,24844,26047,26622,27249,27133,27724,28036
"091 212 Hermanninranta",.,.,.,.,.,.,.,.,.,.,.,.,.,.,.,.,.,.,..,..,..,..,..,..,..
"091 213 Kyläsaari",.,.,.,.,.,.,.,.,.,.,.,.,.,.,.,.,.,.,..,12815,11672,11509,11980,11818,12049
"091 220 Vallila",12639,12532,12684,13149,13608,14521,15542,17002,17261,17935,17849,18681,18545,19778,20894,21786,26061,22886,24039,24959,25987,26509,27301,28413,29877
"091 304 Pasilan peruspiiri",12683,12615,13092,13492,14019,14851,16019,16858,17238,17552,17658,18354,18284,19320,20092,20621,24573,22744,23375,24266,24971,25058,25251,25279,25949
"091 171 Länsi-Pasila",12554,12558,13150,13612,14347,15067,16467,17052,17639,18224,18311,19031,18875,19995,20940,21958,25809,24471,24938,26277,27010,27264,27683,27848,28511
"091 172 Pohjois-Pasila",..,..,..,..,..,..,..,..,..,..,..,..,..,..,..,..,..,..,..,..,..,..,..,..,..
"091 173 Itä-Pasila",12900,12713,13048,13397,13683,14645,15471,16566,16782,16771,16930,17571,17658,18628,19191,19197,23131,20789,21555,21829,22379,22333,22302,22038,22690
"091 174 Keski-Pasila",..,..,..,..,..,..,..,..,..,..,..,..,..,..,..,..,..,..,..,..,..,..,..,..,..
"091 305 Vanhankaupungin peruspiiri",12820,12999,13543,13862,14231,14949,15913,17160,17712,18164,18714,19145,19555,20045,21183,22347,25604,23463,24509,24856,25588,26027,27162,26765,27603
"091 231 Toukola",12973,13268,14494,14324,14834,15510,16111,17053,19528,20115,20068,19893,20810,20816,21082,22021,25396,23383,23846,24523,25030,24963,25316,26373,27282
"091 232 Arabianranta",.,.,.,.,.,.,.,.,.,.,.,.,.,.,24002,26002,29126,26682,29051,27644,28835,29699,31140,30153,30682
"091 240 Kumpula",11474,11718,12409,12678,13091,13649,14695,15773,16527,16786,16985,17105,17866,17666,17960,18742,22463,19560,19998,21097,21179,21677,23804,22199,22985
"091 250 Käpylä",13647,13835,14275,14742,15237,16059,17079,18563,18928,19293,20169,20916,21139,21882,23027,24069,26704,25141,25925,26748,27710,27441,28245,28424,29836
"091 260 Koskela",12276,12347,12594,12918,13010,13689,14600,15487,15311,15992,16108,16669,16245,17471,17961,18761,22266,19736,19677,20387,20716,21427,21297,21101,21223
"091 270 Vanhakaupunki",12580,12328,13329,13119,13551,14513,14615,16294,16988,16911,18651,18107,19475,19226,20697,22474,24179,20053,21015,22316,22447,23036,23061,24012,25451
"091 4 Pohjoinen suurpiiri",15620,15573,16192,16767,17489,18582,20860,22366,21949,22696,23406,24747,24634,26064,27485,27262,28968,28520,29454,30075,30727,31198,31702,31871,32525
"091 401 Maunulan peruspiiri",13447,13303,13726,14105,14675,15796,17651,17235,17716,18193,18752,19717,19270,20093,21185,21676,24678,22832,23353,23650,24343,24546,24776,25023,25335
"091 281 Pirkkola",15926,16110,17268,17580,17582,20644,20284,20467,22522,23517,24248,26909,25910,26026,28320,30850,33233,33979,34680,34987,36049,36369,35665,35127,34792
"091 282 Maunula",12542,12293,12715,13040,13517,14393,16437,15538,16216,16545,16988,17809,17467,18330,19389,19661,22897,20599,20983,21210,21779,22076,22480,22874,23227
"091 283 Metsälä",19949,20142,19867,20265,21943,23616,25100,27717,25903,27227,28087,29001,28245,29183,29737,30853,32430,31966,33823,34160,35667,35786,35420,34972,35753
"091 286 Maunulanpuisto",..,..,..,..,..,..,..,..,..,..,..,..,..,..,..,..,..,..,..,..,..,..,..,..,..
"091 402 Länsi-Pakilan peruspiiri",18286,18267,18959,19677,20888,22295,26214,30994,26963,27858,29233,30868,31544,32344,35542,32536,33163,34245,35940,36220,37494,37948,38874,39037,40625
"091 341 Länsi-Pakila",18286,18267,18959,19677,20888,22295,26214,30994,26963,27858,29233,30868,31544,32344,35542,32536,33163,34245,35940,36220,37494,37948,38874,39037,40625
"091 403 Tuomarinkylän peruspiiri",15441,15807,16621,17019,17951,19259,21733,22921,23197,23908,24717,26291,26008,28250,29572,30128,30724,31113,32579,32822,33640,34881,35468,35886,36984
"091 351 Paloheinä",16690,16962,17804,18093,18981,20512,23458,24637,24693,25764,26291,28166,27621,30239,31361,31769,32040,32639,34299,34981,35949,37723,38323,38427,40253
"091 352 Torpparinmäki",12859,13403,14132,14663,15647,16450,17883,19082,19836,19973,21235,22174,22408,23760,25477,26445,27713,27530,28595,28076,28602,28795,29341,30329,29919
"091 354 Haltiala",..,..,..,..,..,..,..,..,..,..,..,..,..,..,..,..,..,..,..,..,..,..,..,..,..
"091 404 Oulunkylän peruspiiri",15745,15326,15892,16571,16941,17746,19238,20730,20908,21607,22108,23310,23223,24711,25489,25603,27989,26613,27072,27845,28470,28820,29261,29356,29671
"091 284 Patola",15480,15072,15618,16181,16935,17883,19453,20621,21244,22120,22210,23062,23091,24711,26022,25858,28455,26704,27156,28090,28619,29120,29429,29623,29827
"091 285 Veräjämäki",16599,16149,16772,17821,16959,17446,22011,24638,23282,23733,25527,28171,27674,29257,28240,28794,30011,30020,30831,30999,32002,32285,33242,33083,33534
"091 287 Veräjälaakso",.,.,.,.,.,.,12260,13521,13990,14080,14537,15136,15207,15714,16606,17599,20642,19112,19007,19945,20337,19667,19801,19882,20242
"091 405 Itä-Pakilan peruspiiri",16525,17188,17812,18586,19636,20826,23767,24616,24378,25449,25860,27264,26738,28544,30296,30247,30845,32357,33510,35297,34599,34752,35548,35221,35517
"091 342 Itä-Pakila",17170,17867,18463,19331,20373,21588,24665,25483,25205,26345,26705,28086,27463,29271,31097,30962,31685,33400,34474,36297,35611,35673,36671,36125,36538
"091 353 Tuomarinkartano",..,..,..,..,..,..,..,..,..,..,..,..,..,..,..,..,..,..,..,..,..,..,..,..,..
"091 5 Koillinen suurpiiri",12184,12343,12868,13249,13779,14539,15600,16836,16921,17404,17836,18519,18637,19683,20682,21473,23659,22404,22923,23590,23872,24150,24444,24565,25062
"091 501 Latokartanon peruspiiri",12064,12124,12400,12763,13158,13653,14590,15154,15610,16122,16487,17232,17747,18673,19639,20322,23157,21225,21645,22273,22459,22697,23126,23247,23506
"091 361 Viikinranta",13017,13556,14015,14516,14887,16312,18118,18940,20027,21026,21693,21683,29763,30947,34854,34411,36658,36283,37454,36799,37208,37818,38737,38371,38702
"091 362 Latokartano",8310,8140,8323,7367,8739,9515,11297,12655,14393,15672,16165,17538,17534,18867,19333,20458,22996,20916,21575,22175,22429,22470,23018,23230,23651
"091 363 Viikin tiedepuisto",.,.,.,.,.,.,9720,11183,10517,11541,11163,10861,11113,12241,12287,12773,18610,13159,14604,16012,15800,16190,16460,16428,16760
"091 364 Viikinmäki",.,.,.,.,.,.,..,..,15757,15055,15682,16522,19502,19767,21035,21766,24417,22228,23043,23278,23928,24296,24425,24801,24904
"091 383 Pihlajamäki",12176,12245,12553,12924,13362,13973,15136,15760,16019,16647,17020,17729,17731,18425,19316,19545,22101,20311,20713,21291,21260,21435,21673,21940,21992
"091 386 Pihlajisto",.,.,.,.,.,.,14429,15421,15933,15886,16343,16667,16853,17497,18337,18802,21650,20408,19703,20488,20691,21254,21812,20968,21202
"091 502 Pukinmäen peruspiiri",12390,12426,12861,13369,13795,14580,15452,16629,16899,17630,18304,18803,18590,20021,20722,21258,23853,22084,22697,23115,23222,23256,23697,23408,23216
"091 370 Pukinmäki",12390,12426,12861,13369,13795,14580,15452,16629,16899,17630,18304,18803,18590,20021,20722,21258,23853,22084,22697,23115,23222,23256,23697,23408,23216
"091 503 Malmin peruspiiri",12402,12712,13281,13637,14142,15053,16243,17532,17596,18136,18428,18990,19108,20200,21573,22451,24484,23613,24128,24695,25189,25465,25629,25883,26162
"091 381 Ylä-Malmi",11511,11687,12002,12371,12858,13586,15094,16047,15501,16180,16344,16712,16777,17729,18749,19511,22126,20360,20736,20981,21398,21274,21335,21365,21719
"091 382 Ala-Malmi",10835,10973,11292,11754,12195,12822,13395,14172,14822,14926,15311,15951,16099,16779,17865,18781,21225,19415,20372,21026,21411,21758,21325,21036,21351
"091 384 Tattariharju",..,..,..,..,..,..,..,..,..,..,..,..,..,..,..,..,..,..,..,..,..,..,..,..,..
"091 385 Malmin lentokenttä",13719,14007,14816,15151,16081,17008,18098,25317,20723,20522,17417,17691,18057,19557,20612,21884,23635,23117,23354,24202,24830,24653,24968,25980,25917
"091 391 Tapaninvainio",14441,14910,15893,16107,16584,17666,19301,20526,20910,21674,22361,23170,23203,24652,26357,27082,28345,29000,29508,30175,30818,31029,31493,31893,32648
"091 392 Tapanila",11816,12180,12587,13081,13604,14741,15476,16692,17378,17930,18517,19115,19211,20077,21776,22770,24949,23845,24383,25123,25637,26467,26875,27483,27061
"091 504 Suutarilan peruspiiri",11967,12025,12770,13042,13747,14476,15482,16408,17061,17413,18016,18621,18753,20021,20835,21771,23436,22519,23204,23915,24386,24649,24878,25184,25609
"091 401 Siltamäki",12365,12363,13140,13399,13971,14701,15761,16524,17284,17432,18031,18508,18733,19574,20574,21372,23178,21997,21905,22577,22961,23148,23446,23785,24071
"091 403 Töyrynummi",11373,11537,12251,12535,13431,14160,15107,16253,16766,17387,17996,18768,18781,20622,21182,22302,23788,23237,26047,26915,27604,28068,28145,28381,29254
"091 505 Puistolan peruspiiri",12539,12772,13329,13809,14539,15378,16637,18663,18103,18542,19029,20039,20055,21014,21968,22934,24614,23955,24559,25394,25653,25965,26277,26193,27907
"091 402 Tapulikaupunki",11301,11430,11889,12266,12851,13571,14551,15502,16105,16664,16961,17637,17890,18654,19732,20464,22536,21891,21823,22656,22905,23234,23265,23016,26272
"091 411 Puistola",13749,14150,14747,15289,16085,17126,18182,19462,20478,20674,21374,22425,22303,23600,24413,25793,27254,26401,27370,28604,29080,29507,30298,30455,31032
"091 412 Heikinlaakso",13832,14050,14812,15299,16246,16734,19226,25991,18771,19295,19643,21515,21095,21933,22841,23609,24603,24809,26742,26827,27331,27554,28112,27911,28347
"091 413 Tattarisuo",..,..,..,..,..,..,..,..,..,..,..,..,..,..,..,..,..,20318,..,..,..,..,..,..,..
"091 415 Alppikylä",.,.,.,.,.,.,.,.,.,.,.,.,.,.,.,.,.,.,20294,20560,20160,20443,21759,22353,23252
"091 506 Jakomäen peruspiiri",10611,10508,10899,11095,11213,11594,12149,12888,13020,13386,13700,14151,14110,14779,15229,15769,18432,16042,16437,17289,17077,17356,17596,17816,17764
"091 414 Jakomäki",10611,10508,10899,11095,11213,11594,12149,12888,13020,13386,13700,14151,14110,14779,15229,15769,18432,16042,16437,17289,17077,17356,17596,17816,17764
"091 6 Kaakkoinen suurpiiri",15270,15430,15946,16215,17159,18137,20725,22203,22051,22712,23819,25289,23534,25550,29165,27522,29032,28103,28903,28825,29451,29984,30756,30554,31547
"091 601 Kulosaaren peruspiiri",24154,22668,24330,24931,29381,32679,42815,42280,38931,40704,44493,47451,36168,41176,47329,46558,42786,44031,48397,44921,46962,47553,52493,46267,47914
"091 190 Mustikkamaa-Korkeasaari",..,..,..,..,..,..,..,..,..,..,..,..,..,..,..,..,..,..,..,..,..,..,..,..,..
"091 420 Kulosaari",24213,22704,24369,24975,29501,32796,43008,42456,39090,40879,44690,47611,36271,41323,47497,46686,42886,44138,48513,44993,47042,47660,52632,46386,47978
"091 602 Herttoniemen peruspiiri",13859,14168,14300,14469,15039,15828,17491,18819,19492,19946,21000,21879,21179,22792,23954,24179,26695,25071,25616,26016,26501,26900,27267,28195,28758
"091 431 Länsi-Herttoniemi",13557,13630,13813,13900,14481,15276,17013,17463,18015,18251,18800,19350,19462,20267,21542,21888,25025,22855,23073,23968,24558,25593,25125,25506,26169
"091 432 Roihuvuori",12457,12349,12665,13141,13499,14274,14915,15791,16281,16826,17208,17482,17557,18642,19574,19766,22466,20333,20471,21077,21243,21556,21760,22159,22514
"091 433 Herttoniemen yritysalue",9654,9362,9275,9640,10347,11444,..,..,..,..,..,..,..,..,..,..,..,..,..,..,27276,28062,27626,27878,30142
"091 434 Herttoniemenranta",..,12676,11482,11274,12159,12661,13895,16558,17954,18722,19488,20822,20491,21881,23166,24653,27102,25383,26130,26379,26836,26948,27204,27255,28106
"091 440 Tammisalo",21465,24646,25593,26953,29195,31994,38666,42060,42768,42855,48797,51099,43177,49874,50926,45913,45970,48552,50804,49555,50040,49663,54526,62896,62650
"091 603 Laajasalon peruspiiri",14925,15282,16088,16528,17254,18147,20504,22808,22330,23115,23615,25636,24379,26343,33261,28507,29620,29320,29774,29689,30316,31071,31664,30861,32304
"091 480 Vartiosaari",..,..,..,..,..,..,..,..,..,..,..,..,..,..,..,..,..,..,..,..,..,..,..,..,..
"091 491 Yliskylä",15376,15646,16289,16923,17410,18195,20569,22942,21664,22296,22634,24228,23626,24697,25949,25969,27353,27017,26962,27449,27876,28634,28704,28189,28639
"091 492 Jollas",14758,15398,16132,16664,18429,19280,22051,24863,24573,27040,27768,31183,27289,30512,37380,34416,38351,37817,40117,37901,38749,40010,42297,40559,47611
"091 493 Tullisaari",..,..,..,..,..,..,..,..,..,..,..,..,..,..,..,..,..,..,..,..,..,..,..,28084,28624
"091 494 Kruunuvuorenranta",..,..,..,20830,22566,25935,31465,33250,47046,40141,33537,38874,36506,59400,267779,67771,37615,43201,43500,38995,43595,41829,45493,43692,44455
"091 495 Hevossalmi",12717,13296,15253,14266,14905,16232,17742,19198,20119,20302,22517,24283,23187,24224,26564,26840,27872,27172,27899,29142,29469,30123,30703,31331,31328
"091 500 Villinki",..,..,..,..,..,..,..,..,..,..,..,..,..,..,..,..,..,..,..,..,..,..,..,..,..
"091 510 Santahamina",11663,11781,12624,13176,13208,13849,14179,15500,16614,17678,17703,18834,19478,20648,22853,23588,24982,24434,25321,25815,26702,25932,26720,26975,27277
"091 532 Itäsaaret",..,..,..,..,..,..,..,..,..,..,..,..,..,..,..,..,..,..,..,..,..,..,..,..,..
"091 7 Itäinen suurpiiri",12446,12262,12638,12960,13500,14196,15152,16375,16401,16824,17327,18093,18028,19081,20018,20546,22547,21395,21715,22145,22623,22845,22902,22960,23166
"091 701 Vartiokylän peruspiiri",13955,13967,14491,15031,16104,16873,18200,20623,19583,19917,20488,21613,21085,22538,23456,23932,25331,24873,25195,25131,26336,26318,26336,26570,26748
"091 451 Vartioharju",14217,14447,15025,15610,16588,17424,18875,20256,20841,21400,22337,23673,23437,25006,26809,28730,27897,28149,29303,29336,30475,31610,31535,31807,32079
"091 452 Puotila",13744,13602,13932,14650,15234,16044,16833,17357,18098,18230,18036,18631,18645,19927,20558,20986,23403,21500,22004,22227,22457,22755,22964,22829,22901
"091 453 Puotinharju",13207,12906,13058,13284,13792,14474,15130,15808,16460,16765,17130,17660,17850,18612,19368,19850,22236,21114,21295,20873,21372,21549,21121,21209,21527
"091 455 Marjaniemi",14370,14500,15360,24064,28723,31426,38164,57152,39185,39165,41432,45561,39760,44178,43971,39984,40268,46184,44546,42846,51273,46933,47311,49939,50846
"091 456 Roihupelto",..,..,..,..,..,..,..,..,..,..,..,..,..,..,..,..,..,..,..,..,..,..,..,..,..
"091 457 Itäkeskus",.,.,.,11591,11872,12428,12808,13751,14295,14569,14978,15455,15501,16209,16764,17471,20286,18367,18254,18824,19109,19101,19174,18891,18889
"091 702 Myllypuron peruspiiri",12388,12140,12626,12908,13241,13857,14748,15770,15860,16452,16859,17214,17271,18491,19394,19652,21633,21030,21345,21880,22313,22530,22704,22959,23610
"091 454 Myllypuro",12388,12140,12626,12908,13241,13857,14748,15770,15860,16452,16859,17214,17271,18491,19394,19652,21633,21030,21345,21880,22313,22530,22704,22959,23610
"091 703 Mellunkylän peruspiiri",11537,11320,11723,11942,12348,13021,13815,14571,14934,15261,15764,16351,16217,16821,17853,18352,20607,19049,19357,19910,20080,20299,20407,20240,20238
"091 471 Kontula",11796,11570,11886,12220,12626,13259,14724,15219,15361,15628,15900,16675,16244,16712,17730,18102,20363,18934,19039,19631,19622,19718,19640,19449,19295
"091 472 Vesala",10693,10616,11174,11714,12074,12855,13542,14678,15033,15273,16009,16118,16215,16879,17766,18531,20743,19133,19824,20444,20613,21140,21199,21454,21372
"091 473 Mellunmäki",12381,12361,13167,12925,13448,14206,14666,15572,16176,16680,17481,18234,18049,18901,20373,20513,22645,21389,21420,21964,22315,22437,22867,22469,22722
"091 474 Kivikko",6441,7101,7997,8139,8406,8812,9894,11128,12185,12604,13156,13850,13958,14567,15306,15997,18448,16281,16739,17253,17493,17837,18072,17876,18200
"091 475 Kurkimäki",.,.,.,.,.,.,12313,12871,13451,13779,13992,14603,14935,15350,15984,17022,19410,17422,18054,18351,18585,18708,18756,18408,18229
"091 704 Vuosaaren peruspiiri",12593,12354,12541,12890,13290,13901,14758,15686,16076,16649,17114,17993,18266,19487,20361,20993,23097,21823,22183,22724,23091,23462,23450,23586,23901
"091 541 Keski-Vuosaari",14069,14147,14554,14953,15504,16167,15912,16507,16967,17069,17507,18244,18221,18942,19964,20414,22395,21237,21714,22443,22880,23118,23036,23291,23717
"091 542 Nordsjön kartano",..,..,..,..,..,..,..,..,..,..,..,..,..,..,..,..,..,..,..,..,..,..,..,..,..
"091 543 Uutela",..,..,..,..,..,..,..,..,..,..,..,..,..,..,..,..,..,..,..,..,..,..,..,..,..
"091 544 Meri-Rastila",9437,9515,9881,10320,10614,11252,11992,12840,13220,13112,13363,14025,14541,15045,16239,17068,19535,17936,18085,18321,18727,18917,19219,19479,19781
"091 545 Kallahti",9391,9526,9962,10363,10809,11390,12085,13633,14007,14342,14314,14486,14879,15332,15975,16621,19323,17207,17411,17421,17897,17947,17798,17752,18063
"091 546 Aurinkolahti",.,.,.,.,.,.,..,..,22620,27917,25793,26549,26549,29923,28422,28388,30157,29262,30076,30462,30516,31039,30944,30631,30566
"091 547 Rastila",.,.,.,.,.,.,23058,21657,19880,20672,20938,21993,21689,22856,23628,25010,26151,25600,25361,25684,25639,26426,26014,26235,26569
"091 548 Niinisaari",.,.,.,.,.,.,..,..,..,..,..,..,..,..,..,..,..,..,..,..,..,..,..,..,..
"091 549 Mustavuori",.,.,.,.,.,.,..,..,..,..,..,..,..,..,..,..,..,..,..,..,..,..,..,..,..
"091 8 Östersundomin suurpiiri",.,.,.,.,.,.,.,.,.,.,.,.,.,.,.,37766,34102,34974,41180,36979,42279,44036,47900,47072,49053
"091 801 Östersundomin peruspiiri",.,.,.,.,.,.,.,.,.,.,.,.,.,.,.,37766,34102,34974,41180,36979,42279,44036,47900,47072,49053
"091 550 Östersundom",.,.,.,.,.,.,.,.,.,.,.,.,.,.,.,29961,29376,33455,37815,32708,34580,36668,34855,35711,35193
"091 560 Salmenkallio",.,.,.,.,.,.,.,.,.,.,.,.,.,.,.,..,..,..,..,..,..,..,..,..,..
"091 570 Talosaari",.,.,.,.,.,.,.,.,.,.,.,.,.,.,.,..,..,..,..,..,..,..,..,..,..
"091 580 Karhusaari",.,.,.,.,.,.,.,.,.,.,.,.,.,.,.,54621,42541,43734,56281,46515,54840,58089,55797,61135,58856
"091 591 Landbo",.,.,.,.,.,.,.,.,.,.,.,.,.,.,.,29155,28098,28692,32324,30759,32775,33389,35048,35950,40055
"091 592 Puroniitty",.,.,.,.,.,.,.,.,.,.,.,.,.,.,.,..,..,..,..,..,..,..,..,..,..
"091 999 Muut",..,..,..,..,..,..,..,..,..,..,..,..,..,..,..,..,..,..,..,..,..,..,..,..,..
"091 998 Kantakaupunki",15577,15739,16284,16966,18164,19749,22312,25121,24664,25088,25962,28064,26357,27556,29442,29739,31492,30102,31556,31791,33810,34714,35032,35002,36839
"091 997 Esikaupungit",13909,13951,14449,14918,15697,16744,18364,19762,19619,20105,20691,21714,21227,22475,23884,24200,25808,24820,25698,26125,26621,25648,27490,27688,28197
